Pointer[#version],Original,Translated
0x74000,ヘんどうの こうかが はっせいした!<S3c><4A><S2>こうどうせいこうリつが さがった!<S3c><*4>,Inflicted Flux status!<S3c><4C><S02>Success rate down!<S3c><*4>
0x74002,ていしの こうかが はっせいした!<S3c><4A><S2>しばらくのあいだ うごけない!<S3c><*4>,Inflicted Stop status!<S3c><4C><S02>Unable to move!<S3c><*4>
0x74004,そくばくの こうかが はっせいした!<S3c><4A><S2>スピードが おそくなった!<S3c><*4>,Inflicted Bind status!<S3c><4C><S02>Speed decreased!<S3c><*4>
0x74006,けいぞくの こうかが はっせいした!<S3c><4A><S2>いどうちゅうも ダメージを うける!<S3c><*4>,Inflicted Burn status!<S3c><4C><S02>Continuous damage!<S3c><*4>
0x74008,<&BUF01> は<4E>ヘんどう から かいじょされた!<S3c><*1>,<&BUF01>'s Flux wore off!<S3c><*1>
0x7400a,<&BUF01> は<4E>ていし から かいじょされた!<S3c><*1>,<&BUF01> recovered from Stop!<S3c><*1>
0x7400c,<&BUF01> は<4E>そくばく から かいじょされた!<S3c><*1>,<&BUF01>'s Bind wore off!<S3c><*1>
0x7400e,<&BUF01> は<4E>けいぞく から かいじょされた!<S3c><*1>,<&BUF01>'s Burn wore off!<S3c><*1>
0x74010,<&BUF01> は<4E>かいじょするものが なかった!<S3c><*4>,There are no status effects to clear!<S3c><*4>
0x74012,<&BUF01> は<4E>かいじょに しっぱいした!<S3c><*4>,<&BUF01>'s status clear failed!<S3c><*4>
0x74014,<&BUF01> は<4E>ヘんどうの こうかを かいじょした!<S3c><*4>,<&BUF01> cleared all Flux status!<S3c><*4>
0x74016,<&BUF01> は<4E>ていしの こうかを かいじょした!<S3c><*4>,<&BUF01> cleared all Stop status!<S3c><*4>
0x74018,<&BUF01> は<4E>そくばくの こうかを かいじょした!<S3c><*4>,<&BUF01> cleared all Bind status!<S3c><*4>
0x7401a,<&BUF01> は<4E>けいぞくの こうかを かいじょした!<S3c><*4>,<&BUF01> healed all Burn status!<S3c><*4>
0x7401c,しかし ばくふうで ダメージをうけた<S3c><*4>,...But it took damage from the blast!<S3c><*4>
0x7401e,てんたいかんそくじょ,
0x74022,ほんたいかいかいじょう,
0x74024,せんしゅホテル,
0x74026,ゆにゅうひんや,
0x74028,メダロットけんきゅうじょ,
0x7402a,パディのいえ,
0x7402c,あがた イネサク<4E>    ヨネ  ,
0x7402e,イタコのいえ,
0x74030,メダルきねんかん,
0x74032,ペットショップ,
0x74034,ふくびきしょ,
0x74036,バー,
0x74038,むしはかせ けんきゅうじょ,
0x7403a,にんじゃやしき,
0x7403c,メダロットしゃ,
0x7403e,ユウキのいえ,
0x74040,やくば,
0x74042,あがた ベイスケ<4E>    マイコ <4C>あがた <&NAME><4E>    ボナパルト,
0x74044,キララのいえ,
0x74046,イセキのいえ,
0x74048,クボタのいえ,
0x7404a,ヤンマのいえ,
0x7404c,こっとうひんや,
0x7404e,セレクトしぶ,
0x74050,セレクトほんしゃビル,
0x74052,そんちょうのいえ,
0x74054,ねこまねきだ,
0x74056,ぽこぽこたぬきだ,
0x74058,みたことのないむしだ,
0x7405a,しんがたパーツが いっぱいある,
0x7405c,す すごいメダルだ!,
0x7405e,ほかのひとの パソコンは<4E>みちゃいけないぞ,
0x74060,メダロットグッズが やまづみだ,
0x74062,パーツの じどうはんばいきだ!<4E>だけど ぜんぶ うリきれだ!,
0x74064,メダロットが でます<4E>エサを あたえないでください,
0x74066,きけん!!<4E>うちゅうじんが でます,
0x74068,メダル 「<&BUF01>」 は<4E>レベルアップした!<4C><*4>,<&BUF01> Medal leveled up!<4C><*4>
0x740a2,なぐるが <&BUF01> あがった!<4C><*4>,Strike skill increased by <&BUF01>!<4C><*4>
0x740a4,がむしゃらが <&BUF01> あがった!<4C><*4>,Berserk skill increased by <&BUF01>!<4C><*4>
0x740a6,うつが <&BUF01> あがった!<4C><*4>,Shoot skill increased by <&BUF01>!<4C><*4>
0x740a8,ねらいうちが <&BUF01> あがった!<4C><*4>,Snipe skill increased by <&BUF01>!<4C><*4>
0x740aa,おうえんが <&BUF01> あがった!<4C><*4>,Support skill increased by <&BUF01>!<4C><*4>
0x740ac,まもるが <&BUF01> あがった!<4C><*4>,Protect skill increased by <&BUF01>!<4C><*4>
0x740ae,なおすが <&BUF01> あがった!<4C><*4>,Heal skill increased by <&BUF01>!<4C><*4>
0x740b0,そのほかが <&BUF01> あがった!<4C><*4>,Other skill increased by <&BUF01>!<4C><*4>
0x740b2,メダル 「<&BUF01>」 は<4E>ランクアップした!<4C><*4>,<&BUF01> Medal's rank increased!<4C><*4>
0x740b4,さあ せんとうかいし!<*3>,Let the battle begin!<*3>
0x740f2,つうしんロボトルを はじめます!!<S3c><*4>,The link Robottle will now begin!<S3c><*4>
0x740f4,つかえません!!,You can't use that!!
0x740f6,すてることはできません,It can't be thrown away.
0x740f8,いくつすてますか?<*4>,How many?<*4>
0x740fa,ほんとうに すてても<4E>よろしいですか?<*4>,Are you sure you want to throw it away?<*4>
0x740fc,せんとうに さんかできません,It can't battle in this state.
0x740fe,<&BUF01> は<4E>なにも しなかった!<S1e><*4>,<&BUF01> did nothing!<S1e><*4>
0x74100,<&BUF01> の<4E>なぐる こうげき! <&BUF04>!<*4>,<&BUF01>'s Strike attack! <&BUF04>!<*4>
0x74102,<&BUF01> の<4E>がむしゃら こうげき! <&BUF04>!<*4>,<&BUF01>'s Berserk attack! <&BUF04>!<*4>
0x74104,<&BUF01> の<4E>なぐる こうげき! <&BUF04>!<*4>,<&BUF01>'s Strike attack! <&BUF04>!<*4>
0x74106,<&BUF01> の<4E>がむしゃら こうげき! <&BUF04>!<*4>,<&BUF01>'s Berserk attack! <&BUF04>!<*4>
0x74108,<&BUF01> は<4E>あたまに <&BUF04>ダメージ!<S3c><*4>,<&BUF01>'s head took <&BUF04> damage!<S3c><*4>
0x7410a,<&BUF01> は<4E>みぎうでに <&BUF04>ダメージ!<S3c><*4>,<&BUF01>'s right arm took <&BUF04> damage!<S3c><*4>
0x7410c,<&BUF01> は<4E>ひだリうでに <&BUF04>ダメージ!<S3c><*4>,<&BUF01>'s left arm took <&BUF04> damage!<S3c><*4>
0x7410e,<&BUF01> は<4E>きゃくぶに <&BUF04>ダメージ!<S3c><*4>,<&BUF01>'s legs took <&BUF04> damage!<S3c><*4>
0x74110,<&BUF01> の<4E>あたまは こわれた<*4>,<&BUF01>'s head was destroyed.<*4>
0x74112,<&BUF01> の<4E>みぎうでは こわれた<*4>,<&BUF01>'s right arm was destroyed.<*4>
0x74114,<&BUF01> の<4E>ひだリうでは こわれた<*4>,<&BUF01>'s left arm was destroyed.<*4>
0x74116,<&BUF01> の<4E>きゃくぶは こわれた<*4>,<&BUF01>'s legs were destroyed.<*4>
0x74118,べつのパーツに かんつうした!!<S3c><*4>,The attack damaged other parts!<S3c><*4>
0x7411a,<&BUF01> は<4E>こうげきを かわした!<S3c><*4>,<&BUF01> dodged the attack!<S3c><*4>
0x7411c,<&BUF01> の<4E>うつ こうげき! <&BUF04>!<*4>,<&BUF01>'s Shoot attack! <&BUF04>!<*4>
0x7411e,<&BUF01> の<4E>ねらいうち こうげき! <&BUF04>!<*4>,<&BUF01>'s Snipe attack! <&BUF04>!<*4>
0x74120,<&BUF01> は<4E>みかたを おうえんした<*4>,<&BUF01> used a support action!<*4>
0x74122,<&BUF01> は<4E>スピードアップした!!<*4>,<&BUF01>'s speed was boosted!<*4>
0x74124,<&BUF01> に<4E>おうえんの こうかが なかった<*4>,It had no effect on <&BUF01>.<*4>
0x74126,ほうねつに せいこうした<4C><*1>,Cooldown succeeded.<4C><*1>
0x74128,ほうねつに しっぱいした<4C><*1>,Cooldown failed.<4C><*1>
0x7412a,<&BUF01> は<4E>チームぜんたいを まもリます!<S3c><*4>,<&BUF01> is guarding its team!<S3c><*4>
0x7412c,てきのリーダーを たおした<4C><*1>,Defeated the enemy leader!<4C><*1>
0x7412e,みかたのリーダーが たおれた<4C><*1>,Your leader has been defeated!<4C><*1>
0x74130,えんごきたいが まもリにはいった!<S1e><*4>,The guard Medarot took the hit!<S1e><*4>
0x74132,トラップをしかけた!<4E>しかし すでにせっちされていた!<S3c><*4>,A trap has already been set!<S3c><*4>
0x74134,<&BUF01> の<4E>ほんたいの きのうがていしした!!<*4>,<&BUF01> shut down!<*4>
0x74136,<&BUF01> は<4E>ぼうぎょに せいこうした!!<S3c><*4>,<&BUF01>'s defense was successful!<S3c><*4>
0x74138,<&BUF01> の<4E>こうどうパーツは こわれていた<S3c><*4>,The part <&BUF01> used is broken!<S3c><*4>
0x7413a,あいてはすでに<4E>きのうていし していた!!<S3c><*4>,The target has already shut down!<S3c><*4>
0x7413c,ねらったパーツは<4E>すでに こわれていた!!<S3c><*4>,The targeted part is already broken!<S3c><*4>
0x7413e,トラップをしかけた!<4E>しかし すでにせっちされていた!<S3c><*4>,A trap has already been set!<S3c><*4>
0x74140,<&BUF01> の<4E>せっちに しっぱいした<S3c><*4>,<&BUF01>'s trap failed to set!<S3c><*4>
0x74142,<&BUF01> の<4E>せっちに せいこうした<S3c><*4>,<&BUF01>'s trap was set!<S3c><*4>
0x74144,トラップを かいひした<S3c><*4>,Avoided the trap!<S3c><*4>
0x74146,トラップに ひっかかった<S3c><*4>,Got caught in the trap!<S3c><*4>
0x74148,トラップが かいじょされた<S3c><*4>,The trap was cleared!<S3c><*4>
0x7414a,<&BUF01> は<4E>かいじょするものが なかった<S3c><*4>,There's nothing to clear!<S3c><*4>
0x7414c,<&BUF01> は<4E>かいじょに しっぱいした<S3c><*4>,<&BUF01>'s clear failed!<S3c><*4>
0x7414e,<&BUF01> は<4E>トラップを かいじょした!<S3c><*4>,<&BUF01> cleared the trap!<S3c><*4>
0x74150,<&BUF01> は<4E>バリアを かいじょした!<S3c><*4>,<&BUF01> cleared the barrier!<S3c><*4>
0x74152,<&BUF01> は<4E>かいじょするものが なかった<S3c><*4>,There's nothing to clear!<S3c><*4>
0x74154,<&BUF01> は<4E>かいじょに しっぱいした<S3c><*4>,<&BUF01>'s clear failed!<S3c><*4>
0x74156,<&BUF01> は<4E>しょうじょうを かいじょした!<S3c><*4>,<&BUF01> cleared the status!<S3c><*4>
0x74158,<&BUF01> は<4E>かいふくに せいこうした!!<*4>,<&BUF01>'s repair was successful!<*4>
0x7415c,<&BUF01> は<4E>かいふくの こうかがなかった!!<*4>,<&BUF01>'s repair had no effect!<*4>
0x7415e,<&BUF01> の<4E>あたまは かいふくした<S3c><*4>,<&BUF01>'s head was repaired!<S3c><*4>
0x74160,<&BUF01> の<4E>みぎうでは かいふくした<S3c><*4>,<&BUF01>'s right arm was repaired!<S3c><*4>
0x74162,<&BUF01> の<4E>ひだリうでは かいふくした<S3c><*4>,<&BUF01>'s left arm was repaired!<S3c><*4>
0x74164,<&BUF01> の<4E>きゃくぶは かいふくした<S3c><*4>,<&BUF01>'s legs were repaired!<S3c><*4>
0x74166,<&BUF01> は<4E>さくてきを おこなった<S3c><*4>,<&BUF01> scanned the area!<S3c><*4>
0x74168,チームぜんいんの<4E>せいこうリつが あがった!<S3c><*4>,The team's success rate increased!<S3c><*4>
0x7416a,<&BUF01> は<4E>いんぺいを おこなった<S3c><*4>,<&BUF01> concealed itself!<S3c><*4>
0x7416c,しかし いんぺいに しっぱいした!<S3c><*4>,But it remained visible!<S3c><*4>
0x7416e,かいひリつが あがった!<S3c><*4>,Evasion increased!<S3c><*4>
0x74170,<&BUF04>を つかった!<S3c><*4>,Used <&BUF04>!<S3c><*4>
0x74172,こうかが なかった!!<S3c><*4>,There was no effect!<S3c><*4>
0x74174,<&BUF02>は <4E><&BUF04>に ヘんかした!!<S3c><*4>,<&BUF02> transformed into <&BUF04>!<S3c><*4>
0x74176,あまリこうかが なかった!!<S3c><*4>,It had little effect!<S3c><*4>
0x74178,<&BUF01> には きかなかった<S3c><*4>,It had no effect on <&BUF01>.<S3c><*4>
0x7417a,セーブしますか?<*4>,Do you want to save?<*4>
0x7417c,メダロットが<4E>1たいも くまれていません!<4C>メダロットを くんでください!,You have no battle-ready Medarots!<4C>Please assemble a Medarot!
0x7417e,もー<*2>,
0x74182,てかげん しないじゃんじゃん<*2>,"I won't go easy on you, dude.<*2>"
0x74184,ロボトルするって カンジーッ<*2>,"Like, let's Robottle, y'know?<*2>"
0x74186,きみの せんリゃくは みきった!<*2>,I've seen through your strategy!<*2>
0x74188,ねえちゃん かかって きなっ<*2>,"Bring it on, youngster!<*2>"
0x7418a,あたしも コレ いっぺん<4E>やってみたかったのよねー<*2>,
0x7418c,メダロット もってるな<4E>よし やろうぜ<*2>,"You have a Medarot, right?<49>Let's battle!<*2>"
0x7418e,ふふふっ そのパーツ いただくわっ<*2>,"Hmhmhm, I'll be taking those parts!<*2>"
0x74190,あたちと ろぼとる しない?<*2>,Wanna wobottle wit me?<*2>
0x74192,ロボトルするべ!<*2>,"Ey, let's Robottle!<*2>"
0x74194,とあみで つかまえてやるだ<*2>,You'll be caught in my net!<*2>
0x74196,するっぺよ なっ?<*2>,"You'll Robottle me, won't ya?<*2>"
0x74198,するもぐ するもぐ<*2>,"Dig dig dig, let's go!<*2>"
0x7419a,メダロットは じんせいの<4E>パートナーじゃ!<*2>,
0x7419c,こんなあそび<4E>なにが おもしろいのかしら?<*2>,
0x7419e,お・・おじょうちゃん・・<4E>か・・かわいいね♥<*2>,
0x741a0,こうみえても むかしは なのしれた<4E>メダロッターだったのだよ<*2>,
0x741a2,せっしゃが あいてを するで ござる<*2>,I shall be your opponent!<*2>
0x741a4,ふっ わからないひとだなぁ ベイビー<*2>,
0x741a6,みずはなくても カレイに<4E>およいで みせるわ!<*2>,
0x741a8,かてると おもうんならかかってきな!<*2>,Come at me if you think you can win!<*2>
0x741aa,ひとと あらそうのって<4E>あんまリすきじゃないわ<*2>,I never really liked fighting.<*2>
0x741ac,わたし コンタクトレンズが ないと<4E>まえがみえないの・・<*2>,
0x741ae,ワシの しきぼうさばきをみせてやるぞ<*2>,I will pass judgement on you with my<49>conductor's stick.<*2>
0x741b0,さあっ ゆうひにむかって<4E>はしるんだっ!<*2>,"Now, let us run to the sunset!<*2>"
0x741b2,どっちが つよいか じっけんだ!<*2>,Who's stronger? It's an experiment!<*2>
0x741b4,わしが わかいころはだな しつけが<4E>きびしくて・・・<*2>,"Ever since I was a child,<49>I've been doing intense training..<*2>"
0x741b6,オマエは メダロットのことを<4E>どれほど しっているのかノカ?<*2>,
0x741b8,あくの かぎリを つくすロボ<*2>,"Our evil knows no bounds, Robo!<*2>"
0x741ba,ボクちゃんと たたかうでチュ<*2>,Let's battle!<*2>
0x741bc,ワシは みすみす やられは せんぞ<*2>,I won't be defeated so easily!<*2>
0x741be,われわれの じゃまをするものは<4E>いかして かえさないわ<*2>,Those who get in our way will be dealt with.<*2>
0x741c0,ふんっ せかいは ロボロボだんの<4E>ために あるのだっ<*2>,The RoboRobo Gang will rule the world.<*2>
0x741c2,こてんぱんに してやるぜ!<*2>,I'll beat you to a pulp!<*2>
0x741c4,・・・・・・<*2>,......<*2>
0x741c6,あんたって まったく めざわリだわ<*2>,You're a real pain in the neck!<*2>
0x741c8,てかげん なしだからね!<*2>,
0x741ca,まけるもんかっ!!<*2>,
0x741cc,わたくしの あいてが<4E>つとまリますかな?<*2>,Do you think you're good enough<49>to fight me?<*2>
0x741ce,きみぃ ロボトルで わたしに<4E>かてるつもリかい?<*2>,Do you truly expect to win against me~?<*2>
0x741d0,オマエ タオス オレ ユウシャ<*2>,I defeat you. I become champion.<*2>
0x741d2,きさまヲ じくうノ はざまニ<4E>とばしてクレルワ<*2>,I'll send you flying into the space-time continuum!<*2>
0x741d4,かくごは よくて?<*2>,
0x741d6,ワォーン!<*2>,
0x741d8,よろしく おねがいいたします<*2>,Pleased to meet you.<*2>
0x741da,お・・おじょうちゃん・・<4E>か・・かわいいね♥<*2>,
0x741dc,おあいてしてあげても いいわよォ<*2>,
0x741de,わたしの じだいが くるのよ!<*2>,
0x741e0,せいぎの ためで あリますっ!<*2>,"For justice, sir!<*2>"
0x741e2,ボクちゃんは つよいでチュよ<*2>,"I'm stwong, ya know!<*2>"
0x741e4,ワシと はリあうのは 53ねん<4E>はやいわっ<*2>,You're 53 years too early to face me!<*2>
0x741e6,なかなか いせいが いいじゃない<*2>,You seem a little strong.<*2>
0x741e8,ふむ かかってきたまえ<*2>,Hrm...come at me.<*2>
0x741ea,オレが かったら ヒヨコかってくれよ<*2>,"If I win, you'll buy a chick, right?<*2>"
0x741ec,ワタシノ メダルハ<4E>トクベツセイ ナノデス<*2>,
0x741ee,ハカイ・・・スル<*2>,DES... TROY...<*2>
0x741f0,わしと ボロトルせんか?<*2>,Will you Borottle with me?<*2>
0x741f2,ウッ ウァオーン<4E>メダルが つきにみえるぜ<*2>,A-AwooOOooo! Medals... look like... the moon!<*2>
0x741f4,さあ! しょうぶだ!!<S78><*4>,Now! Let's battle!!<S78><*4>
0x741f6,モー<*2>,
0x74202,これくらいで かんべんして<4E>やるじゃんじゃん<*2>,"I'll let you off easy this time, dude!<*2>"
0x74204,なんか ゆるせないって カンジーッ<*2>,"I, like, won't forgive you for this!<*2>"
0x74206,みきっても かてないことも ある!<*2>,Sometimes knowing the strategy isn't enough!<*2>
0x74208,てやんでぃっ もってけ どろぼうっ<*2>,"Go on and take it, you thief!<*2>"
0x7420a,やっぱリ あたしって むいてない!?<*2>,
0x7420c,チェッ シロウトだと<4E>おもったんだけどな<*2>,"Aww, I thought you were a beginner.<*2>"
0x7420e,あら おじょうちゃん つよいじゃない<*2>,
0x74210,うえーーーっん まけたでちゅ<*2>,"Waaaah, I lost!<*2>"
0x74212,まけることも あるんべ<*2>,"Ey, sometimes you lose, right?<*2>"
0x74214,とあみが からまっただ<*2>,My net got tangled...<*2>
0x74216,おらの まけけぇ?<*2>,Whuzzat? I lost?<*2>
0x74218,もぐ もぐ まけもぐ<*2>,"Dig dig dig, I lost...<*2>"
0x7421a,じんせい しぬまでべんきょうじゃのう<*2>,
0x7421c,・・・けっこう おもしろいじゃないの<*2>,
0x7421e,す・・すごいよ きみ!<4E>ぼ・・ぼくと・・<*2>,
0x74220,わたしが まけた!? こ・・これが<4E>しんがたメダロットのいリょくなのか!<*2>,
0x74222,おぬし なかなか やるで ござるな<*2>,You did well to defeat me.<*2>
0x74224,これでおわリかい? ざんねんだなぁ<*2>,
0x74226,みずがあれば こんなものでは<4E>すまなくてよ<*2>,
0x74228,このままでは すまさないからな<*2>,You haven't seen the last of me!<*2>
0x7422a,こんかいのは おもしろかったわ<*2>,That was an interesting fight.<*2>
0x7422c,あら・・・ ごめんなさいね<4E>パディちゃん だったのね<*2>,
0x7422e,おんがくは いいなぁ<*2>,Music is a wonderful thing.<*2>
0x74230,いいぞ いいぞぉっ!!<*2>,That's it! Looking good!<*2>
0x74232,きみのほうが つよいと フムフム・・<*2>,You're pretty strong hrm hrm...<*2>
0x74234,・・・・ じだいが かわったのかのぉ<*2>,"Times really have changed, haven't they?<*2>"
0x74236,おまえは なにも しらないのかノカ?<*2>,
0x74238,これは こまった まけたロボ<*2>,"Uh oh! I lost, Robo!<*2>"
0x7423a,うううっ まけたでチュ<*2>,Ugh...I lost!<*2>
0x7423c,ぬうっ ひきあげじゃぁっ<*2>,"Urgh, retreeeat!<*2>"
0x7423e,きょうの ところは かんべんして<4E>あげるわ<*2>,I'll let you off easy this time.<*2>
0x74240,うっ うちゅうじんさまーっ<4E>なんのこっちゃ!<*2>,Masters! I've failed you!<4E>What the heck!<*2>
0x74242,てっ てかげんしてやったんだよ!<*2>,I-I was just going easy on you!<*2>
0x74244,・・・・・・<*2>,......<*2>
0x74246,なんであんたなんかに まけちゃうの?<*2>,How could I lose?<*2>
0x74248,ちゃんと きたえなおさなきゃ!<*2>,
0x7424a,しょうぶは これからだ!<*2>,
0x7424c,こんかいは すなおに<4E>まけを みとめましょう<*2>,I humbly accept defeat.<*2>
0x7424e,ユーには まけたよ<*2>,I lost to you~?<*2>
0x74250,オマエ ツヨイ コレヤル ガンバレ<*2>,You are strong. <49>Take this. Good luck.<*2>
0x74252,これデ かったト おもうなヨ<*2>,I thought I win this.<*2>
0x74254,このわたしが まけるなんてね<*2>,
0x74256,キュウン キュウン<*2>,
0x74258,パディさん あリがとうございました<*2>,
0x7425a,わしは まだ せいちょうが<4E>たらんかの?<*2>,
0x7425c,あらン つよいのね♥<*2>,
0x7425e,ゆめは ゆめで おわらなくてよ!<*2>,
0x74260,せいぎも まけることが<4E>あるであリますっ!<*2>,"Even justice loses sometimes, sir!<*2>"
0x74262,うううっ こまったでチュ<*2>,Uuurgh this is bad!<*2>
0x74264,ぬうっ このままでは すまさんぞっ<*2>,Nurgh...it can't end like this!<*2>
0x74266,きょうの ところは ひいてあげるわ!<*2>,You got lucky today!<*2>
0x74268,なかなか やるではないか<*2>,You're pretty good.<*2>
0x7426a,きょうも いちわも うれなかったか<*2>,Didn't sell any today either...<*2>
0x7426c,オモテガ ウラニ ウラガ オモテニ<4E>インサツサレテ イルノデス<*2>,
0x7426e,バッ パッ ピッ バカナーッ!!<*2>,A... I-I... BZZT-- IMPOSSIBLE...!!<*2>
0x74270,ボトルロは むずかしいのぉ<*2>,Bottleros are hard to win...<*2>
0x74272,ハアッ ハアッ まけちまったぜ<*2>,Hah... Hah... I lost!<*2>
0x74274,<&NAME> は<4E>てきに まけてしまった!<*2>,<&NAME> was defeated!<*2>
0x74300,<&NAME>は <&BUF02><4E>「<&BUF01>」を てにいれた<*2>,<&NAME> obtained <&BUF01>!<*2>
0x74302,カン!カン!カン! ロボトルエンド!<4E>さあ これで じかんぎれです!<4C>はんていのけっかを みてみましょう!<S78><4C><S2>はんていのけっか!<4E><&BUF01>の しょうリです!,Ding ding ding! Time is up!<4C>Now to determine the winner!<S78><4C><S02>It looks like... <&BUF01>'s match!
0x74304,<&NAME>は <&BUF02><4E>「<&BUF01>」を とられた<*2>,<&NAME> handed over <&BUF01>.<*2>
0x74306,えーーーーーーーん!!<4E>まけちゃったよーーー!<4C>わたしがまけるなんて これはゆめ?!<4E>そうよ! ゆめにちがいないわ!<4C>もういちど ねーましょ!<4E>スー スー スー ・・・・・・・・・,
0x74308,<&NAME> は<4E>「ロボロボメダル」を てにいれた!<*2>,<&NAME> got a RoboRobo Medal!<*2>
0x7430a,えーーーーーーーん!!<4E>まけちゃったよーーー!<4C>ベティ! あなたのせいよ!<4E>しっかリ たたかわないからよ!<4C>このっ!・・バキ・・ボコ・・ベキッ!<4E>つぎからは がんばリなさいよ!<4C>ベティ!<4C>ベティ!?<4C>ベティ??<4C>・・・ベティがピクリとも うごかない<4C>ガーン! こわれちゃった!!,"Waaaaaaaaaaaaaaaaaaaah!!<4E>I lost!<4C>Betty! It's your fault!<4E>You didn't fight hard enough!<4C>Geez!<4E><S6>SMASH<4A><S6>THUD<4E>CRASH<4C>Next time, do your best!<4C>Betty!<4C>Betty!?<4C>Betty??<4C>Betty's not moving an inch...<4C>Gah! She's broken!!"
0x7430c,<&NAME> は<4E>ティンペットを てにいれた!!,<&NAME> obtained a Tinpet!
0x7430e,あれっ!!<4E>ティンペットは そろっているよ!<4C><&NAME> は<4E>ティンペットを もてなかった!!,Huh? You already have too many!<4C><&NAME> did not take the Tinpet!
0x74310,ここでは つうしんケーブルをつかって<4E>ともだちと あそぶことができます<4C>つうしん しますか?<*4>,You can play with your friends using a Game Link cable here.<4C>Do you want to connect?<*4>
0x74312,つうしんまえに セーブしますが<4E>よろしいですか?<*4>,The game will be saved before connecting.<49>Is this alright?<*4>
0x74314,<4A>ロボトルほんぶに アクセスします<S3c><*4>,<4A><49>Accessing Robottle HQ...<S3c><*4>
0x74316,つうしんちゅう!!<*4>,Connecting!<*4>
0x74318,つうしん できませんでした!,Couldn't connect!
0x7431a,2たい いじょう くまれた<4E>メダロットがないと できません<S3c><*1>,You need at least 2 battle-ready Medarots to use this mode.<S3c><*1>
0x7431c,トレードする パーツがあリません<S3c><*1>,You have no parts to trade.<S3c><*1>
0x7431e,<Sff>つうしんまちです!!<S1e><*4>,<Sff>Waiting on connection!<S1e><*4>
0x74320,<&NAME> は<4E>たたかいに かちました!!<4C>みごとな しょうリです!<4E>これからもガンガンいこう!!,<&NAME> won the battle!<4C>An excellent victory!<49>Keep it up!
0x74322,<&NAME> は<4E>たたかいに まけました!!<4C>もういちど きたえなおしだ!<4E>こんどは がんばリましょう!!,<&NAME> lost the battle!<4C>That's too bad!<49>Train hard and go for the win!
0x74324,あなたは ロボトルしょうしゃとして<4E>「ロボとーる」を おこなえます!,"As the winner of the Robottle, you get to play Robo-Toll!"
0x74326,あなたは ロボトルはいしゃとして<4E>パーツをとられてしまいます,"As the loser of the Robottle, one of your parts will be taken."
0x74328,<&BUF01> は<4E>「ロボとーる」に<S10>・・・・・・・・・<4A><S2>せいこうした!<S3c><*4>,<&BUF01>'s Robo-Toll<S10>.........<4A><49><S02>Succeeded!<S3c><*4>
0x7432a,<&BUF01> は<4E>「ロボとーる」に<S10>・・・・・・・・・<4A><S2>しっぱいした!<S3c><*4>,<&BUF01>'s Robo-Toll<S10>.........<4A><49><S02>Failed!<S3c><*4>
0x7432c,ハズレ! なにも とれなかった!<4E>ざんねんですが しかたあリません!,"Miss! You didn't get anything!<49>Too bad, maybe next time!"
0x7432e,ハズレ!<4E>なにもとられずにすんだ! ラッキー!,"Miss! Nothing was taken!<49>Phew, that was close!"
0x74330,Ａボタンでストップしてください!<*4>,Press A to stop the wheel!<*4>
0x74332,パーツせんたくちゅうです!!<*4>,Choosing parts!<*4>
0x74334,しかし かんぜんなかたちで<4E>とることができなかった!<*2>,"Despite winning, you could not get a part!<*2>"
0x74336,<&NAME>は <&BUF02><4E>「<&BUF04>」を てにいれた<*2>,<&NAME> got the <&BUF02> part <&BUF04>!<*2>
0x74338,<&NAME>は <&BUF02><4E>「<&BUF04>」を とられた<*2>,<&NAME> lost the <&BUF02> part <&BUF04>!<*2>
0x7433a,メダルは いっぱいで もてなかった!<*2>,You can't carry any more of that Medal!<*2>
0x7433c,そのパーツは<4E>いっぱいで もてなかった!!<*2>,You can't carry any more of that part!<*2>
0x7433e,どのぶぶんを トレードしますか?<*4>,Which type of part will you trade?<*4>
0x74342,トレードするパーツはどれですか?<*4>,Which part will you trade?<*4>
0x74344,トレードする パーツがあリません!,You have no parts of that type to trade!
0x74346,「<&BUF04>」と<4E>「<&BUF01>」をトレードします<S3c><*4>,<&BUF04> will be traded for <&BUF01>.<S3c><*4>
0x74348,「<&BUF04>」は<4E>「<&BUF01>」にヘんかした!,<&BUF04> transformed into <&BUF01>!
0x7434a,そこには いけません!!,You can't go that way!
0x7434c,ロボロボメダルを つかいますか?<*4>,Will you use a RoboRobo Medal?<*4>
0x7434e,せんとうから にげられた!!<S3c><*4>,Fled from the battle!<S3c><*4>
0x74350,こうさん しますか?<*4>,Do you want to surrender?<*4>
0x74352,おめでとうございます!<4E>パスワードが すべてそろいました!<4C>4もじをおうぼはがきに かきこんで<4E>イマジニアあてに おおくリください<4C>ちゅうせんで ひかるゲームボーイを<4E>プレゼント いたします!,Congratulations!<49>You've collected all 4 password letters!<4C>Write the password on the included postcard and send it to Imagineer to be entered in a draw for a glow-in-the-dark Game Boy!
0x74354,<&NAME>のメダルは<4E><&BUF01>のけいけんちをえた!<*2>,<&NAME>'s Medals earned <&BUF01> experience!<*2>
0x74356,なぐる・がむしゃらにこうかをはっき!<S3c><*4>,Physical attack detected!<S3c><*4>
0x74358,うつ・ねらいうちにこうかをはっき!<S3c><*4>,Ranged attack detected!<S3c><*4>
0x7435a,トラップかいじょを おこなった!<S3c><*4>,Attempted to clear traps!<S3c><*4>
0x7435c,<&BUF01> は<4E>ダメージかいふくを おこなった!<S3c><*4>,<&BUF01> cleared its damage!<S3c><*4>
0x74366,<&BUF01> は<4E>きのうかいふくを おこなった!<S3c><*4>,<&BUF01> tried to restore function!<S3c><*4>
0x74368,ねらったパーツは<4E>ダメージを うけていません!<S3c><*4>,The targeted part is not damaged!<S3c><*4>
0x7436a,ねらったパーツは<4E>きのうていし していません!<S3c><*4>,The targeted part is not destroyed!<S3c><*4>
0x7436c,さくてきで あがったせいこうリつを<4E>さげた!<S3c><*4>,Success rate bonuses were reduced!<S3c><*4>
0x7436e,<&BUF01> は<4E>あたまで ぼうぎょした!!<S3c><*4>,<&BUF01> defended with its head!<S3c><*4>
0x74370,<&BUF01> は<4E>みぎうでで ぼうぎょした!!<S3c><*4>,<&BUF01> defended with its right arm!<S3c><*4>
0x74372,<&BUF01> は<4E>ひだリうでで ぼうぎょした!!<S3c><*4>,<&BUF01> defended with its left arm!<S3c><*4>
0x74374,<&BUF01> は<4E>きゃくぶで ぼうぎょした!!<S3c><*4>,<&BUF01> defended with its legs!<S3c><*4>
0x74376,ヘんどうかいじょを おこなった!<S3c><*4>,Attempted to clear Flux status!<S3c><*4>
0x74378,ていしかいじょを おこなった!<S3c><*4>,Attempted to clear Stop status!<S3c><*4>
0x7437a,そくばくかいじょを おこなった!<S3c><*4>,Attempted to clear Bind status!<S3c><*4>
0x7437c,けいぞくかいじょを おこなった!<S3c><*4>,Attempted to clear Burn status!<S3c><*4>
0x7437e,しょうじょうかいじょを おこなった!<S3c><*4>,Attempted to clear status effects!<S3c><*4>
0x74380,<&NAME> は<4E>メダル「<&BUF04>」をてにいれた<*2>,<&NAME> obtained the <&BUF04> Medal!<*2>
0x74382,<&NAME> は<4E>メダル「<&BUF04>」をとられた<*2>,<&NAME>'s <&BUF04> Medal was taken!<*2>
0x74384,<&BUF04> は<4E>メダル「<&BUF01>」をてにいれた<*2>,<&BUF04> obtained the <&BUF01> Medal!<*2>
0x74386,あっ! メダル「<&BUF04>」は<4E>メダル「<&BUF01>」にヘんかした<*2>,Ah! The <&BUF04> Medal transformed into a <&BUF01> Medal!<*2>
0x74388,しかし メダル「<&BUF04>」は<4E>すでにもっています<4C>メダル「<&BUF04>」をもてなかった<4C><*4>,...But you already have that Medal!<4C>The <&BUF04> Medal wasn't taken.<*4>
0x7438a,そのかわリに<4E>ぜんじゅくれんどが 4アップした!!<*2>,"In exchange, all of its skills were raised by 4!<*2>"
0x7438c,くまれたメダロットがないとできません<S3c><*1>,You need at least one battle-ready Medarot to use this mode.<S3c><*1>
0x7438e,ここでは つうしんケーブルをつかって<4E>ともだちと あそぶことができます<4C>まず はじめてこられた あなたヘ<4E>つうしんロボトルを せつめいします<4C>ーーあそびでロボトルーー<4E>ともだちのメダロットと<4C>きがるに たいせんできるモードです<4C>ーーしんけんロボトルーー<4E>ともだちのメダロットと<4C>メダルおよびパーツをかけた<4E>しんけんしょうぶができるモードです<4C><*4>,"Hello! This is where you can play together with your friends using a Game Link cable.<49>Since this is your first time coming here, I'll explain link Robottles for you:<4C>--- Practice Robottle ---<49>In this mode, you can battle against your friends without worrying about winning or losing parts.<4C>--- Official Robottle ---<49>In this mode, you can battle your friends while putting your parts and Medals on the line!<*4>"
0x74390,まけたほうは メダルおよびパーツを<4E>とられてしまいます<4C>メダロットのすくない はじめのうちは<4E>やらないほうが いいとおもいます<4C>ーーパーツをトレードするーー<4E>ともだちのもっているパーツと<4C>あなたのもっているパーツを<4E>こうかんできるモードです<4C>いじょう!!<4E>3つのモードが たのしめます!<4C>それと もうひとつ!<4E>じゅうようなことが あリます<4C>このバージョンでは あいてから<4E>おくられてきた パーツ・メダルは<4C>ヘんか しません!<4C>ちょっと! ちゅういして<4E>つうしんしてね!,"The loser of the battle will have one of their parts or Medals taken by the winner.<49>For experienced players only!<4C>--- Trading Parts ---<49>In this mode, you can trade spare parts with your friends.<4C>That ends the explanation!<49>Have fun!"
0x74392,ユウキちゃんっていう カッコイイ<4E>おとこのこを しリませんこと?,
0x743a2,おてんきの よいひは<4E>ロボトルですのよ!,
0x743a4,そんなことを いわれましても<4E>わたくし あさは にがてですの,
0x743a6,そうよ あなたが わるいんですの,
0x743a8,ころんでも<4E>ただでは おきません ことよ!,
0x743aa,ユウキちゃんを かえさない<4E>わるいこには おしおきですわ!,
0x743ac,デリカシーの ない かたですわね!,
0x743ae,ベティ<4E>あんたは ほんとに ダメなこね,
0x743b0,あなたも そうやって わたくしを<4E>いじめるんですのねー,
0x743b2,そうですの わたくしは デザートは<4E>キウィと きめていますのよ,
0x743b4,そうなんですの?<4E>よく がまん なさっているわね,
0x743b6,いつも おなじことを<4E>いっていると つかれますわー,
0x743b8,わたくし ユウキちゃんを<4E>さがして おリますのよ,
0x743ba,なんだか さいきん<4E>つかれぎみですの,
0x743bc,あしたは はれると いいですわね,
0x743be,そうですわね<4E>あなたの いうとおリですわ!,
0x743c0,<S6>わたくし ひるまは いつも<4E>しょうがくせいを やっていますけど<S80><4A><S6>よるになって ベッドにはいって<4E>めを とじると<S80><4A><S6>「めだろっとおうこく」の<4E>おひめさまに なリますのよ<S60><*4>,"<S6>By day, I am just a simple elementary school student.<S80><4A><S6>By night, when I go to bed and close my eyes, I become...<S80><4A><S6>Princess of the Medarot Kingdom!<S60><*4>"
0x743c2,<S6>おひめさまの わたくしは<4E>いつも きまって<S80><4A><S6>「てぃんぺっとおうこく」の<4E>おうじさまの ユウキちゃんと<S80><4A><S6>いっしょなのですわ<S80><*4>,"<S6>As princess, I am always with<S80><4A><S6>Prince Yuki of the Tinpet Kingdom<S80><*4>"
0x743c4,<S6>でも あるひ カッコイイ<4E>ユウキちゃんを みかけた<S80><4A><S6>ミルキーっていう<4E>こわぁーーい まじょが<S80><4A><S6>ユウキちゃんを<4E>そばに おきたくなったのですわ<S80><4A><S6>それで ユウキちゃんは<4E>まじょミルキーのすむ とうに<S80><4A><S6>つれさられて しまったのです<S80><*4>,"<S6>But one day, the cool Prince Yuki was spotted!<S80><4A><S6>The scary witch Milky wanted to keep Yuki for herself.<S80><4A><S6>And so, Prince Yuki was carried away to the tower<S80><4A><S6>where the witch Milky lived.<S80><*4>"
0x743c6,<S6>わたくしと ユウキちゃんの<4E>なかを ひきさこうったって<S80><4A><S6>かみさまが ゆるしても<4E>このわたくしが ゆるしませんことよ!<S80><4A><S6>わたくしは<4E>かわいいクマの ベティをつれて<S80><4A><S6>いとしい ユウキちゃんを<4E>たすけだしに いくのでした<S80><4A><S6>めざすは「まじょのとう」!!<S80><4A><S6>ユウキちゃんは わたしませんことよ!<S80><4A><S6>まってて! ユウキちゃんっ!<S80><4A><S6>・・・いくわよ ベティ!!<S80><*4>,"<S6>Though the gods may forgive someone who tries to<S80><4A><S6>come between my dear Yuki and me,<S80><4A><S6>I will never forgive them!<S80><4A><S6>So, I took my adorable bear, Betty, and set off<S80><4A><S6>to rescue my precious Prince Yuki.<S80><4A><S6>Our destination: the ""Witch's Tower""!!<S80><4A><S6>I will not let anyone touch my Yuki!<S80><4A><S6>Wait for me, Yuki dearest!<S80><4A><S6>...Here we go, Betty!!<S80><*4>"
0x743c8,<IGNORED>,
0x74020,=0x7401e,=0x7401e
0x7406a,=0x74068,=0x74068
0x7406c,=0x74068,=0x74068
0x7406e,=0x74068,=0x74068
0x74070,=0x74068,=0x74068
0x74072,=0x74068,=0x74068
0x74074,=0x74068,=0x74068
0x74076,=0x74068,=0x74068
0x74078,=0x74068,=0x74068
0x7407a,=0x74068,=0x74068
0x7407c,=0x74068,=0x74068
0x7407e,=0x74068,=0x74068
0x74080,=0x74068,=0x74068
0x74082,=0x74068,=0x74068
0x74084,=0x74068,=0x74068
0x74086,=0x74068,=0x74068
0x74088,=0x74068,=0x74068
0x7408a,=0x74068,=0x74068
0x7408c,=0x74068,=0x74068
0x7408e,=0x74068,=0x74068
0x74090,=0x74068,=0x74068
0x74092,=0x74068,=0x74068
0x74094,=0x74068,=0x74068
0x74096,=0x74068,=0x74068
0x74098,=0x74068,=0x74068
0x7409a,=0x74068,=0x74068
0x7409c,=0x74068,=0x74068
0x7409e,=0x74068,=0x74068
0x740a0,=0x74068,=0x74068
0x740b6,=0x740b4,=0x740b4
0x740b8,=0x740b4,=0x740b4
0x740ba,=0x740b4,=0x740b4
0x740bc,=0x740b4,=0x740b4
0x740be,=0x740b4,=0x740b4
0x740c0,=0x740b4,=0x740b4
0x740c2,=0x740b4,=0x740b4
0x740c4,=0x740b4,=0x740b4
0x740c6,=0x740b4,=0x740b4
0x740c8,=0x740b4,=0x740b4
0x740ca,=0x740b4,=0x740b4
0x740cc,=0x740b4,=0x740b4
0x740ce,=0x740b4,=0x740b4
0x740d0,=0x740b4,=0x740b4
0x740d2,=0x740b4,=0x740b4
0x740d4,=0x740b4,=0x740b4
0x740d6,=0x740b4,=0x740b4
0x740d8,=0x740b4,=0x740b4
0x740da,=0x740b4,=0x740b4
0x740dc,=0x740b4,=0x740b4
0x740de,=0x740b4,=0x740b4
0x740e0,=0x740b4,=0x740b4
0x740e2,=0x740b4,=0x740b4
0x740e4,=0x740b4,=0x740b4
0x740e6,=0x740b4,=0x740b4
0x740e8,=0x740b4,=0x740b4
0x740ea,=0x740b4,=0x740b4
0x740ec,=0x740b4,=0x740b4
0x740ee,=0x740b4,=0x740b4
0x740f0,=0x740b4,=0x740b4
0x7415a,=0x74158,=0x74158
0x74180,=0x7417e,=0x7417e
0x741f8,=0x741f6,=0x741f6
0x741fa,=0x741f6,=0x741f6
0x741fc,=0x741f6,=0x741f6
0x741fe,=0x741f6,=0x741f6
0x74200,=0x741f6,=0x741f6
0x74276,=0x74274,=0x74274
0x74278,=0x74274,=0x74274
0x7427a,=0x74274,=0x74274
0x7427c,=0x74274,=0x74274
0x7427e,=0x74274,=0x74274
0x74280,=0x74274,=0x74274
0x74282,=0x74274,=0x74274
0x74284,=0x74274,=0x74274
0x74286,=0x74274,=0x74274
0x74288,=0x74274,=0x74274
0x7428a,=0x74274,=0x74274
0x7428c,=0x74274,=0x74274
0x7428e,=0x74274,=0x74274
0x74290,=0x74274,=0x74274
0x74292,=0x74274,=0x74274
0x74294,=0x74274,=0x74274
0x74296,=0x74274,=0x74274
0x74298,=0x74274,=0x74274
0x7429a,=0x74274,=0x74274
0x7429c,=0x74274,=0x74274
0x7429e,=0x74274,=0x74274
0x742a0,=0x74274,=0x74274
0x742a2,=0x74274,=0x74274
0x742a4,=0x74274,=0x74274
0x742a6,=0x74274,=0x74274
0x742a8,=0x74274,=0x74274
0x742aa,=0x74274,=0x74274
0x742ac,=0x74274,=0x74274
0x742ae,=0x74274,=0x74274
0x742b0,=0x74274,=0x74274
0x742b2,=0x74274,=0x74274
0x742b4,=0x74274,=0x74274
0x742b6,=0x74274,=0x74274
0x742b8,=0x74274,=0x74274
0x742ba,=0x74274,=0x74274
0x742bc,=0x74274,=0x74274
0x742be,=0x74274,=0x74274
0x742c0,=0x74274,=0x74274
0x742c2,=0x74274,=0x74274
0x742c4,=0x74274,=0x74274
0x742c6,=0x74274,=0x74274
0x742c8,=0x74274,=0x74274
0x742ca,=0x74274,=0x74274
0x742cc,=0x74274,=0x74274
0x742ce,=0x74274,=0x74274
0x742d0,=0x74274,=0x74274
0x742d2,=0x74274,=0x74274
0x742d4,=0x74274,=0x74274
0x742d6,=0x74274,=0x74274
0x742d8,=0x74274,=0x74274
0x742da,=0x74274,=0x74274
0x742dc,=0x74274,=0x74274
0x742de,=0x74274,=0x74274
0x742e0,=0x74274,=0x74274
0x742e2,=0x74274,=0x74274
0x742e4,=0x74274,=0x74274
0x742e6,=0x74274,=0x74274
0x742e8,=0x74274,=0x74274
0x742ea,=0x74274,=0x74274
0x742ec,=0x74274,=0x74274
0x742ee,=0x74274,=0x74274
0x742f0,=0x74274,=0x74274
0x742f2,=0x74274,=0x74274
0x742f4,=0x74274,=0x74274
0x742f6,=0x74274,=0x74274
0x742f8,=0x74274,=0x74274
0x742fa,=0x74274,=0x74274
0x742fc,=0x74274,=0x74274
0x742fe,=0x74274,=0x74274
0x74340,=0x7433e,=0x7433e
0x7435e,=0x7435c,=0x7435c
0x74360,=0x7435c,=0x7435c
0x74362,=0x7435c,=0x7435c
0x74364,=0x7435c,=0x7435c
0x74394,=0x74392,=0x74392
0x74396,=0x74392,=0x74392
0x74398,=0x74392,=0x74392
0x7439a,=0x74392,=0x74392
0x7439c,=0x74392,=0x74392
0x7439e,=0x74392,=0x74392
0x743a0,=0x74392,=0x74392
0x743ca,=0x743c8,=0x743c8
0x743cc,=0x743c8,=0x743c8
0x743ce,=0x743c8,=0x743c8
0x743d0,=0x743c8,=0x743c8
0x743d2,=0x743c8,=0x743c8
0x743d4,=0x743c8,=0x743c8
0x743d6,=0x743c8,=0x743c8
0x743d8,=0x743c8,=0x743c8
0x743da,=0x743c8,=0x743c8
0x743dc,=0x743c8,=0x743c8
0x743de,=0x743c8,=0x743c8
